1,262
2,263
3,264
4,265
5,266
6,267
8,269
9,270
10,271
11,272
12,273
14,275
15,276
16,277
17,278
19,279
24,280
25,281
26,282
27,283
28,284
29,285
30,286
31,287
32,288
33,289
34,290
35,291
36,292
37,293
38,294
43,295
44,296
45,297
46,298
48,299
49,300
50,301
51,302
52,303
53,304
54,305
57,306
58,307
59,308
60,309
62,311
12,312
64,313
65,314
66,315
67,316
76,317
77,318
80,319
81,320
82,321
83,322
84,323
91,325
92,326
93,327
94,328
95,329
96,330
97,331
98,332
99,333
100,334
101,335
109,336
110,337
